modele,strategie_desequilibre,threshold,recall,precision,f1,accuracy,roc_auc,pr_auc,tn,fp,fn,tp,clients_alertes
LogisticRegression_random_over,random_over_sampling,0.1,1.0,0.10424118548799183,0.18880148079592782,0.1235,0.737330232761256,0.23748246810991835,43,1753,0,204,1957
LogisticRegression_random_under,random_under_sampling,0.1,1.0,0.10413476263399694,0.18862690707350901,0.1225,0.7287463426350496,0.2317333305187382,41,1755,0,204,1959
LogisticRegression_class_weight,class_weight_balanced,0.1,1.0,0.10386965376782077,0.1881918819188192,0.12,0.7411786540896982,0.24343070465951716,36,1760,0,204,1964
RandomForest_class_weight,class_weight_balanced_subsample,0.1,1.0,0.102,0.1851179673321234,0.102,0.8027206428228307,0.2821707778752929,0,1796,0,204,2000
RandomForest_class_weight,class_weight_balanced_subsample,0.15,0.9901960784313726,0.10990206746463548,0.197845249755142,0.181,0.8027206428228307,0.2821707778752929,160,1636,2,202,1838
LogisticRegression_smote,smote,0.1,0.9803921568627451,0.10526315789473684,0.19011406844106463,0.148,0.7306514476614699,0.2408917819878726,96,1700,4,200,1900
LogisticRegression_random_under,random_under_sampling,0.15,0.9754901960784313,0.10647405029427501,0.1919922817173179,0.1625,0.7287463426350496,0.2317333305187382,126,1670,5,199,1869
LogisticRegression_class_weight,class_weight_balanced,0.15,0.9705882352941176,0.1061662198391421,0.19139681005316578,0.1635,0.7411786540896982,0.24343070465951716,129,1667,6,198,1865
LogisticRegression_random_over,random_over_sampling,0.15,0.9705882352941176,0.10605249062667381,0.19121197489135683,0.1625,0.737330232761256,0.23748246810991835,127,1669,6,198,1867
LogisticRegression_random_under,random_under_sampling,0.2,0.9607843137254902,0.11277330264672036,0.20185375901132852,0.225,0.7287463426350496,0.2317333305187382,254,1542,8,196,1738
LogisticRegression_smote,smote,0.15,0.9558823529411765,0.11123787792355962,0.1992846193152785,0.2165,0.7306514476614699,0.2408917819878726,238,1558,9,195,1753
LogisticRegression_random_under,random_under_sampling,0.25,0.9509803921568627,0.12270714737507907,0.2173669467787115,0.3015,0.7287463426350496,0.2317333305187382,409,1387,10,194,1581
LogisticRegression_random_over,random_over_sampling,0.2,0.9509803921568627,0.11272515979081929,0.20155844155844155,0.2315,0.737330232761256,0.23748246810991835,269,1527,10,194,1721
LogisticRegression_class_weight,class_weight_balanced,0.2,0.946078431372549,0.11260210035005834,0.20125130344108447,0.234,0.7411786540896982,0.24343070465951716,275,1521,11,193,1714
XGBoost_scale_pos_weight,scale_pos_weight,0.1,0.9411764705882353,0.13043478260869565,0.22911694510739858,0.354,0.7915520328398622,0.2750316701985008,516,1280,12,192,1472
LogisticRegression_random_over,random_over_sampling,0.25,0.9411764705882353,0.1245136186770428,0.21993127147766323,0.319,0.737330232761256,0.23748246810991835,446,1350,12,192,1542
LogisticRegression_class_weight,class_weight_balanced,0.25,0.9411764705882353,0.12395093608779859,0.2190530519110097,0.3155,0.7411786540896982,0.24343070465951716,439,1357,12,192,1549
LogisticRegression_smote,smote,0.2,0.9411764705882353,0.1213653603034134,0.21500559910414332,0.299,0.7306514476614699,0.2408917819878726,406,1390,12,192,1582
LogisticRegression_class_weight,class_weight_balanced,0.3,0.9166666666666666,0.13760117733627666,0.23928342930262317,0.4055,0.7411786540896982,0.24343070465951716,624,1172,17,187,1359
LogisticRegression_random_under,random_under_sampling,0.3,0.9166666666666666,0.13570391872278664,0.23640960809102401,0.396,0.7287463426350496,0.2317333305187382,605,1191,17,187,1378
LogisticRegression_smote,smote,0.25,0.9117647058823529,0.1308016877637131,0.22878228782287824,0.373,0.7306514476614699,0.2408917819878726,560,1236,18,186,1422
LogisticRegression_random_over,random_over_sampling,0.3,0.9068627450980392,0.13663220088626293,0.2374839537869063,0.406,0.737330232761256,0.23748246810991835,627,1169,19,185,1354
RandomForest_class_weight,class_weight_balanced_subsample,0.2,0.8921568627450981,0.16163410301953818,0.2736842105263158,0.517,0.8027206428228307,0.2821707778752929,852,944,22,182,1126
LogisticRegression_smote,smote,0.3,0.8921568627450981,0.14606741573033707,0.25103448275862067,0.457,0.7306514476614699,0.2408917819878726,732,1064,22,182,1246
XGBoost_scale_pos_weight,scale_pos_weight,0.15,0.8823529411764706,0.17077798861480076,0.2861685214626391,0.551,0.7915520328398622,0.2750316701985008,922,874,24,180,1054
RandomForest_class_weight,class_weight_balanced_subsample,0.25,0.8725490196078431,0.2236180904522613,0.356,0.678,0.8027206428228307,0.2821707778752929,1178,618,26,178,796
XGBoost_scale_pos_weight,scale_pos_weight,0.2,0.8725490196078431,0.2119047619047619,0.34099616858237547,0.656,0.7915520328398622,0.2750316701985008,1134,662,26,178,840
LogisticRegression_class_weight,class_weight_balanced,0.35,0.8725490196078431,0.15600350569675722,0.26468401486988846,0.5055,0.7411786540896982,0.24343070465951716,833,963,26,178,1141
LogisticRegression_random_over,random_over_sampling,0.35,0.8676470588235294,0.15377932232841007,0.2612546125461255,0.4995,0.737330232761256,0.23748246810991835,822,974,27,177,1151
LogisticRegression_random_under,random_under_sampling,0.35,0.8627450980392157,0.14789915966386555,0.25251076040172166,0.479,0.7287463426350496,0.2317333305187382,782,1014,28,176,1190
XGBoost_scale_pos_weight,scale_pos_weight,0.25,0.8578431372549019,0.23178807947019867,0.36496350364963503,0.6955,0.7915520328398622,0.2750316701985008,1216,580,29,175,755
RandomForest_class_weight,class_weight_balanced_subsample,0.3,0.8529411764705882,0.24403927068723702,0.37949836423118866,0.7155,0.8027206428228307,0.2821707778752929,1257,539,30,174,713
RandomForest_baseline,aucun_reequilibrage,0.1,0.8529411764705882,0.23355704697986576,0.3667017913593256,0.6995,0.7999830778636622,0.3124981121148982,1225,571,30,174,745
LogisticRegression_smote,smote,0.35,0.8382352941176471,0.1574585635359116,0.2651162790697674,0.526,0.7306514476614699,0.2408917819878726,881,915,33,171,1086
XGBoost_scale_pos_weight,scale_pos_weight,0.3,0.8284313725490197,0.23903818953323905,0.37102085620197583,0.7135,0.7915520328398622,0.2750316701985008,1258,538,35,169,707
RandomForest_class_weight,class_weight_balanced_subsample,0.35,0.8186274509803921,0.2617554858934169,0.39667458432304037,0.746,0.8027206428228307,0.2821707778752929,1325,471,37,167,638
LogisticRegression_random_over,random_over_sampling,0.4,0.8088235294117647,0.17027863777089783,0.2813299232736573,0.5785,0.737330232761256,0.23748246810991835,992,804,39,165,969
LogisticRegression_class_weight,class_weight_balanced,0.4,0.803921568627451,0.1685508735868448,0.2786745964316058,0.5755,0.7411786540896982,0.24343070465951716,987,809,40,164,973
XGBoost_scale_pos_weight,scale_pos_weight,0.35,0.7990196078431373,0.2480974124809741,0.3786295005807201,0.7325,0.7915520328398622,0.2750316701985008,1302,494,41,163,657
LogisticRegression_random_under,random_under_sampling,0.4,0.7892156862745098,0.1595639246778989,0.2654575432811212,0.5545,0.7287463426350496,0.2317333305187382,948,848,43,161,1009
RandomForest_baseline,aucun_reequilibrage,0.15,0.7843137254901961,0.256,0.38600723763570566,0.7455,0.7999830778636622,0.3124981121148982,1331,465,44,160,625
XGBoost_scale_pos_weight,scale_pos_weight,0.4,0.7745098039215687,0.25732899022801303,0.3863080684596577,0.749,0.7915520328398622,0.2750316701985008,1340,456,46,158,614
LogisticRegression_smote,smote,0.4,0.7598039215686274,0.16613076098606644,0.2726473175021988,0.5865,0.7306514476614699,0.2408917819878726,1018,778,49,155,933
XGBoost_scale_pos_weight,scale_pos_weight,0.45,0.7352941176470589,0.26548672566371684,0.39011703511053314,0.7655,0.7915520328398622,0.2750316701985008,1381,415,54,150,565
LogisticRegression_random_under,random_under_sampling,0.45,0.7352941176470589,0.1736111111111111,0.2808988764044944,0.616,0.7287463426350496,0.2317333305187382,1082,714,54,150,864
LogisticRegression_class_weight,class_weight_balanced,0.45,0.7156862745098039,0.17654171704957677,0.2832201745877789,0.6305,0.7411786540896982,0.24343070465951716,1115,681,58,146,827
LogisticRegression_random_over,random_over_sampling,0.45,0.7009803921568627,0.17333333333333334,0.27793974732750243,0.6285,0.737330232761256,0.23748246810991835,1114,682,61,143,825
RandomForest_class_weight,class_weight_balanced_subsample,0.4,0.6911764705882353,0.2695984703632887,0.3878954607977992,0.7775,0.8027206428228307,0.2821707778752929,1414,382,63,141,523
LogisticRegression_baseline,aucun_reequilibrage,0.1,0.6764705882352942,0.18699186991869918,0.2929936305732484,0.667,0.7362876108126991,0.2445382006149022,1196,600,66,138,738
XGBoost_scale_pos_weight,scale_pos_weight,0.5,0.6666666666666666,0.26407766990291265,0.37830319888734354,0.7765,0.7915520328398622,0.2750316701985008,1417,379,68,136,515
LogisticRegression_smote,smote,0.45,0.6666666666666666,0.17,0.27091633466135456,0.634,0.7306514476614699,0.2408917819878726,1132,664,68,136,800
LogisticRegression_random_over,random_over_sampling,0.5,0.6519607843137255,0.1919191919191919,0.29654403567447046,0.6845,0.737330232761256,0.23748246810991835,1236,560,71,133,693
LogisticRegression_class_weight,class_weight_balanced,0.5,0.6470588235294118,0.19213973799126638,0.2962962962962963,0.6865,0.7411786540896982,0.24343070465951716,1241,555,72,132,687
LogisticRegression_random_under,random_under_sampling,0.5,0.6421568627450981,0.18607954545454544,0.28854625550660795,0.677,0.7287463426350496,0.2317333305187382,1223,573,73,131,704
LogisticRegression_smote,smote,0.5,0.6274509803921569,0.1836441893830703,0.28412874583795783,0.6775,0.7306514476614699,0.2408917819878726,1227,569,76,128,697
LogisticRegression_random_over,random_over_sampling,0.55,0.5931372549019608,0.2168458781362007,0.31758530183727035,0.74,0.737330232761256,0.23748246810991835,1359,437,83,121,558
LogisticRegression_random_under,random_under_sampling,0.55,0.5931372549019608,0.20578231292517007,0.3055555555555556,0.725,0.7287463426350496,0.2317333305187382,1329,467,83,121,588
LogisticRegression_class_weight,class_weight_balanced,0.55,0.5882352941176471,0.21699819168173598,0.31704095112285335,0.7415,0.7411786540896982,0.24343070465951716,1363,433,84,120,553
XGBoost_scale_pos_weight,scale_pos_weight,0.55,0.5833333333333334,0.2650334075723831,0.36447166921898927,0.7925,0.7915520328398622,0.2750316701985008,1466,330,85,119,449
LogisticRegression_smote,smote,0.55,0.5686274509803921,0.20279720279720279,0.29896907216494845,0.728,0.7306514476614699,0.2408917819878726,1340,456,88,116,572
RandomForest_class_weight,class_weight_balanced_subsample,0.45,0.5343137254901961,0.27525252525252525,0.36333333333333334,0.809,0.8027206428228307,0.2821707778752929,1509,287,95,109,396
LogisticRegression_class_weight,class_weight_balanced,0.6,0.5343137254901961,0.2471655328798186,0.33798449612403103,0.7865,0.7411786540896982,0.24343070465951716,1464,332,95,109,441
RandomForest_baseline,aucun_reequilibrage,0.2,0.5294117647058824,0.29916897506925205,0.3823008849557522,0.8255,0.7999830778636622,0.3124981121148982,1543,253,96,108,361
XGBoost_scale_pos_weight,scale_pos_weight,0.6,0.5147058823529411,0.28532608695652173,0.36713286713286714,0.819,0.7915520328398622,0.2750316701985008,1533,263,99,105,368
LogisticRegression_smote,smote,0.6,0.5147058823529411,0.22483940042826553,0.31296572280178836,0.7695,0.7306514476614699,0.2408917819878726,1434,362,99,105,467
LogisticRegression_random_over,random_over_sampling,0.6,0.5098039215686274,0.232662192393736,0.3195084485407066,0.7785,0.737330232761256,0.23748246810991835,1453,343,100,104,447
LogisticRegression_random_under,random_under_sampling,0.6,0.5098039215686274,0.22269807280513917,0.30998509687034276,0.7685,0.7287463426350496,0.2317333305187382,1433,363,100,104,467
LogisticRegression_baseline,aucun_reequilibrage,0.15,0.4950980392156863,0.24754901960784315,0.3300653594771242,0.795,0.7362876108126991,0.2445382006149022,1489,307,103,101,408
LogisticRegression_smote,smote,0.65,0.46568627450980393,0.2553763440860215,0.3298611111111111,0.807,0.7306514476614699,0.2408917819878726,1519,277,109,95,372
LogisticRegression_random_over,random_over_sampling,0.65,0.4411764705882353,0.2647058823529412,0.33088235294117646,0.818,0.737330232761256,0.23748246810991835,1546,250,114,90,340
LogisticRegression_class_weight,class_weight_balanced,0.65,0.4362745098039216,0.26409495548961426,0.3290203327171904,0.8185,0.7411786540896982,0.24343070465951716,1548,248,115,89,337
LogisticRegression_random_under,random_under_sampling,0.65,0.4264705882352941,0.24369747899159663,0.31016042780748665,0.8065,0.7287463426350496,0.2317333305187382,1526,270,117,87,357
XGBoost_scale_pos_weight,scale_pos_weight,0.65,0.4019607843137255,0.2918149466192171,0.33814432989690724,0.8395,0.7915520328398622,0.2750316701985008,1597,199,122,82,281
DeepLearning_smote,smote,0.1,0.39705882352941174,0.21038961038961038,0.27504244482173174,0.7865,0.6668768286824752,0.17907746431649427,1492,304,123,81,385
LogisticRegression_smote,smote,0.7,0.3872549019607843,0.27526132404181186,0.32179226069246436,0.8335,0.7306514476614699,0.2408917819878726,1588,208,125,79,287
DeepLearning_smote,smote,0.15,0.3627450980392157,0.21022727272727273,0.26618705035971224,0.796,0.6668768286824752,0.17907746431649427,1518,278,130,74,352
LogisticRegression_class_weight,class_weight_balanced,0.7,0.35784313725490197,0.30165289256198347,0.3273542600896861,0.85,0.7411786540896982,0.24343070465951716,1627,169,131,73,242
LogisticRegression_baseline,aucun_reequilibrage,0.2,0.35294117647058826,0.3050847457627119,0.32727272727272727,0.852,0.7362876108126991,0.2445382006149022,1632,164,132,72,236
LogisticRegression_random_under,random_under_sampling,0.7,0.3480392156862745,0.26591760299625467,0.30148619957537154,0.8355,0.7287463426350496,0.2317333305187382,1600,196,133,71,267
DeepLearning_smote,smote,0.2,0.3480392156862745,0.2113095238095238,0.26296296296296295,0.801,0.6668768286824752,0.17907746431649427,1531,265,133,71,336
LogisticRegression_random_over,random_over_sampling,0.7,0.3382352941176471,0.2875,0.3108108108108108,0.847,0.737330232761256,0.23748246810991835,1625,171,135,69,240
RandomForest_baseline,aucun_reequilibrage,0.25,0.3333333333333333,0.37777777777777777,0.3541666666666667,0.876,0.7999830778636622,0.3124981121148982,1684,112,136,68,180
LogisticRegression_smote,smote,0.75,0.3284313725490196,0.29910714285714285,0.3130841121495327,0.853,0.7306514476614699,0.2408917819878726,1639,157,137,67,224
DeepLearning_smote,smote,0.25,0.3284313725490196,0.21337579617834396,0.25868725868725867,0.808,0.6668768286824752,0.17907746431649427,1549,247,137,67,314
RandomForest_class_weight,class_weight_balanced_subsample,0.5,0.31862745098039214,0.30952380952380953,0.3140096618357488,0.858,0.8027206428228307,0.2821707778752929,1651,145,139,65,210
DeepLearning_smote,smote,0.3,0.31862745098039214,0.21885521885521886,0.25948103792415167,0.8145,0.6668768286824752,0.17907746431649427,1564,232,139,65,297
DeepLearning_smote,smote,0.35,0.28921568627450983,0.20848056537102475,0.24229979466119098,0.8155,0.6668768286824752,0.17907746431649427,1572,224,145,59,283
LogisticRegression_class_weight,class_weight_balanced,0.75,0.27941176470588236,0.3275862068965517,0.30158730158730157,0.868,0.7411786540896982,0.24343070465951716,1679,117,147,57,174
DeepLearning_smote,smote,0.4,0.27450980392156865,0.20588235294117646,0.23529411764705882,0.818,0.6668768286824752,0.17907746431649427,1580,216,148,56,272
XGBoost_scale_pos_weight,scale_pos_weight,0.7,0.2647058823529412,0.29347826086956524,0.27835051546391754,0.86,0.7915520328398622,0.2750316701985008,1666,130,150,54,184
DeepLearning_smote,smote,0.45,0.2647058823529412,0.2084942084942085,0.23326133909287258,0.8225,0.6668768286824752,0.17907746431649427,1591,205,150,54,259
LogisticRegression_random_over,random_over_sampling,0.75,0.25980392156862747,0.3028571428571429,0.2796833773087071,0.8635,0.737330232761256,0.23748246810991835,1674,122,151,53,175
DeepLearning_smote,smote,0.5,0.2549019607843137,0.2139917695473251,0.232662192393736,0.8285,0.6668768286824752,0.17907746431649427,1605,191,152,52,243
LogisticRegression_random_under,random_under_sampling,0.75,0.24509803921568626,0.2808988764044944,0.2617801047120419,0.859,0.7287463426350496,0.2317333305187382,1668,128,154,50,178
DeepLearning_smote,smote,0.6,0.24509803921568626,0.22026431718061673,0.23201856148491878,0.8345,0.6668768286824752,0.17907746431649427,1619,177,154,50,227
DeepLearning_smote,smote,0.55,0.24509803921568626,0.21367521367521367,0.228310502283105,0.831,0.6668768286824752,0.17907746431649427,1612,184,154,50,234
DeepLearning_smote,smote,0.65,0.24019607843137256,0.22477064220183487,0.23222748815165878,0.838,0.6668768286824752,0.17907746431649427,1627,169,155,49,218
LogisticRegression_baseline,aucun_reequilibrage,0.25,0.23039215686274508,0.3197278911564626,0.2678062678062678,0.8715,0.7362876108126991,0.2445382006149022,1696,100,157,47,147
LogisticRegression_smote,smote,0.8,0.23039215686274508,0.31756756756756754,0.26704545454545453,0.871,0.7306514476614699,0.2408917819878726,1695,101,157,47,148
DeepLearning_smote,smote,0.7,0.23039215686274508,0.22274881516587677,0.22650602409638554,0.8395,0.6668768286824752,0.17907746431649427,1632,164,157,47,211
DeepLearning_smote,smote,0.75,0.22058823529411764,0.22277227722772278,0.22167487684729065,0.842,0.6668768286824752,0.17907746431649427,1639,157,159,45,202
DeepLearning_smote,smote,0.8,0.19117647058823528,0.2074468085106383,0.1989795918367347,0.843,0.6668768286824752,0.17907746431649427,1647,149,165,39,188
DeepLearning_smote,smote,0.85,0.18627450980392157,0.21468926553672316,0.1994750656167979,0.8475,0.6668768286824752,0.17907746431649427,1657,139,166,38,177
LogisticRegression_random_under,random_under_sampling,0.8,0.17647058823529413,0.29508196721311475,0.22085889570552147,0.873,0.7287463426350496,0.2317333305187382,1710,86,168,36,122
LogisticRegression_class_weight,class_weight_balanced,0.8,0.16666666666666666,0.3177570093457944,0.21864951768488747,0.8785,0.7411786540896982,0.24343070465951716,1723,73,170,34,107
LogisticRegression_random_over,random_over_sampling,0.8,0.16666666666666666,0.3119266055045872,0.21725239616613418,0.8775,0.737330232761256,0.23748246810991835,1721,75,170,34,109
DeepLearning_smote,smote,0.9,0.16666666666666666,0.21518987341772153,0.1878453038674033,0.853,0.6668768286824752,0.17907746431649427,1672,124,170,34,158
RandomForest_baseline,aucun_reequilibrage,0.3,0.15196078431372548,0.3974358974358974,0.2198581560283688,0.89,0.7999830778636622,0.3124981121148982,1749,47,173,31,78
LogisticRegression_smote,smote,0.85,0.15196078431372548,0.3333333333333333,0.20875420875420875,0.8825,0.7306514476614699,0.2408917819878726,1734,62,173,31,93
LogisticRegression_baseline,aucun_reequilibrage,0.3,0.14705882352941177,0.3191489361702128,0.20134228187919462,0.881,0.7362876108126991,0.2445382006149022,1732,64,174,30,94
RandomForest_class_weight,class_weight_balanced_subsample,0.55,0.13725490196078433,0.30434782608695654,0.1891891891891892,0.88,0.8027206428228307,0.2821707778752929,1732,64,176,28,92
XGBoost_scale_pos_weight,scale_pos_weight,0.75,0.13725490196078433,0.27450980392156865,0.1830065359477124,0.875,0.7915520328398622,0.2750316701985008,1722,74,176,28,102
LogisticRegression_random_under,random_under_sampling,0.85,0.12745098039215685,0.35135135135135137,0.18705035971223022,0.887,0.7287463426350496,0.2317333305187382,1748,48,178,26,74
LogisticRegression_random_over,random_over_sampling,0.85,0.12254901960784313,0.3246753246753247,0.17793594306049823,0.8845,0.737330232761256,0.23748246810991835,1744,52,179,25,77
LogisticRegression_class_weight,class_weight_balanced,0.85,0.11764705882352941,0.3380281690140845,0.17454545454545456,0.8865,0.7411786540896982,0.24343070465951716,1749,47,180,24,71
LogisticRegression_baseline,aucun_reequilibrage,0.35,0.10784313725490197,0.34375,0.16417910447761194,0.888,0.7362876108126991,0.2445382006149022,1754,42,182,22,64
LogisticRegression_smote,smote,0.9,0.09313725490196079,0.35185185185185186,0.14728682170542637,0.89,0.7306514476614699,0.2408917819878726,1761,35,185,19,54
RandomForest_baseline,aucun_reequilibrage,0.35,0.08823529411764706,0.45,0.14754098360655737,0.896,0.7999830778636622,0.3124981121148982,1774,22,186,18,40
LogisticRegression_baseline,aucun_reequilibrage,0.4,0.08333333333333333,0.3617021276595745,0.13545816733067728,0.8915,0.7362876108126991,0.2445382006149022,1766,30,187,17,47
XGBoost_scale_pos_weight,scale_pos_weight,0.8,0.08333333333333333,0.30357142857142855,0.13076923076923078,0.887,0.7915520328398622,0.2750316701985008,1757,39,187,17,56
LogisticRegression_random_over,random_over_sampling,0.9,0.0784313725490196,0.3333333333333333,0.12698412698412698,0.89,0.737330232761256,0.23748246810991835,1764,32,188,16,48
LogisticRegression_class_weight,class_weight_balanced,0.9,0.07352941176470588,0.3125,0.11904761904761904,0.889,0.7411786540896982,0.24343070465951716,1763,33,189,15,48
LogisticRegression_baseline,aucun_reequilibrage,0.45,0.058823529411764705,0.4,0.10256410256410256,0.895,0.7362876108126991,0.2445382006149022,1778,18,192,12,30
LogisticRegression_random_under,random_under_sampling,0.9,0.058823529411764705,0.2926829268292683,0.09795918367346938,0.8895,0.7287463426350496,0.2317333305187382,1767,29,192,12,41
LogisticRegression_baseline,aucun_reequilibrage,0.5,0.04411764705882353,0.45,0.08035714285714286,0.897,0.7362876108126991,0.2445382006149022,1785,11,195,9,20
XGBoost_scale_pos_weight,scale_pos_weight,0.85,0.0392156862745098,0.42105263157894735,0.07174887892376682,0.8965,0.7915520328398622,0.2750316701985008,1785,11,196,8,19
RandomForest_class_weight,class_weight_balanced_subsample,0.6,0.03431372549019608,0.28,0.0611353711790393,0.8925,0.8027206428228307,0.2821707778752929,1778,18,197,7,25
RandomForest_baseline,aucun_reequilibrage,0.4,0.029411764705882353,0.3333333333333333,0.05405405405405406,0.895,0.7999830778636622,0.3124981121148982,1784,12,198,6,18
LogisticRegression_baseline,aucun_reequilibrage,0.55,0.014705882352941176,0.25,0.027777777777777776,0.895,0.7362876108126991,0.2445382006149022,1787,9,201,3,12
RandomForest_baseline,aucun_reequilibrage,0.45,0.00980392156862745,0.5,0.019230769230769232,0.898,0.7999830778636622,0.3124981121148982,1794,2,202,2,4
RandomForest_class_weight,class_weight_balanced_subsample,0.65,0.00980392156862745,0.5,0.019230769230769232,0.898,0.8027206428228307,0.2821707778752929,1794,2,202,2,4
LogisticRegression_baseline,aucun_reequilibrage,0.6,0.004901960784313725,0.125,0.009433962264150943,0.895,0.7362876108126991,0.2445382006149022,1789,7,203,1,8
LogisticRegression_baseline,aucun_reequilibrage,0.65,0.0,0.0,0.0,0.8955,0.7362876108126991,0.2445382006149022,1791,5,204,0,5
LogisticRegression_baseline,aucun_reequilibrage,0.7,0.0,0.0,0.0,0.8965,0.7362876108126991,0.2445382006149022,1793,3,204,0,3
LogisticRegression_baseline,aucun_reequilibrage,0.75,0.0,0.0,0.0,0.897,0.7362876108126991,0.2445382006149022,1794,2,204,0,2
LogisticRegression_baseline,aucun_reequilibrage,0.8,0.0,0.0,0.0,0.8975,0.7362876108126991,0.2445382006149022,1795,1,204,0,1
LogisticRegression_baseline,aucun_reequilibrage,0.85,0.0,0.0,0.0,0.898,0.7362876108126991,0.2445382006149022,1796,0,204,0,0
LogisticRegression_baseline,aucun_reequilibrage,0.9,0.0,0.0,0.0,0.898,0.7362876108126991,0.2445382006149022,1796,0,204,0,0
RandomForest_baseline,aucun_reequilibrage,0.5,0.0,0.0,0.0,0.898,0.7999830778636622,0.3124981121148982,1796,0,204,0,0
RandomForest_baseline,aucun_reequilibrage,0.55,0.0,0.0,0.0,0.898,0.7999830778636622,0.3124981121148982,1796,0,204,0,0
RandomForest_baseline,aucun_reequilibrage,0.6,0.0,0.0,0.0,0.898,0.7999830778636622,0.3124981121148982,1796,0,204,0,0
RandomForest_baseline,aucun_reequilibrage,0.65,0.0,0.0,0.0,0.898,0.7999830778636622,0.3124981121148982,1796,0,204,0,0
RandomForest_baseline,aucun_reequilibrage,0.7,0.0,0.0,0.0,0.898,0.7999830778636622,0.3124981121148982,1796,0,204,0,0
RandomForest_baseline,aucun_reequilibrage,0.75,0.0,0.0,0.0,0.898,0.7999830778636622,0.3124981121148982,1796,0,204,0,0
RandomForest_baseline,aucun_reequilibrage,0.8,0.0,0.0,0.0,0.898,0.7999830778636622,0.3124981121148982,1796,0,204,0,0
RandomForest_baseline,aucun_reequilibrage,0.85,0.0,0.0,0.0,0.898,0.7999830778636622,0.3124981121148982,1796,0,204,0,0
RandomForest_baseline,aucun_reequilibrage,0.9,0.0,0.0,0.0,0.898,0.7999830778636622,0.3124981121148982,1796,0,204,0,0
RandomForest_class_weight,class_weight_balanced_subsample,0.7,0.0,0.0,0.0,0.898,0.8027206428228307,0.2821707778752929,1796,0,204,0,0
RandomForest_class_weight,class_weight_balanced_subsample,0.75,0.0,0.0,0.0,0.898,0.8027206428228307,0.2821707778752929,1796,0,204,0,0
RandomForest_class_weight,class_weight_balanced_subsample,0.8,0.0,0.0,0.0,0.898,0.8027206428228307,0.2821707778752929,1796,0,204,0,0
RandomForest_class_weight,class_weight_balanced_subsample,0.85,0.0,0.0,0.0,0.898,0.8027206428228307,0.2821707778752929,1796,0,204,0,0
RandomForest_class_weight,class_weight_balanced_subsample,0.9,0.0,0.0,0.0,0.898,0.8027206428228307,0.2821707778752929,1796,0,204,0,0
XGBoost_scale_pos_weight,scale_pos_weight,0.9,0.0,0.0,0.0,0.8975,0.7915520328398622,0.2750316701985008,1795,1,204,0,1
